File Name,UVLED ID,Average Current (A),Current Standard Deviation (A),UVLED Current Amplitude (mA),UVLED Displacement (m),UVLED Pulse Frequency (Hz),Background Corrected Current (A),Corrected Current Standard Deviation (A),Flux (photons/mm^2),Flux Error
2017-05-18_frequency-00.csv,ID 8 WL=355nm,-3.24844818157e-07,2.66128232272e-08,40.0,close,43750,-1,-1,991233.3791524087,81282.72961212399
2017-05-18_frequency-01.csv,ID 8 WL=355nm,-3.50554719333e-07,1.62872199263e-10,40.0,close,47000,-1,-1,1031878.6739941641,3694.4088359951347
2017-05-18_frequency-02.csv,ID 8 WL=355nm,-1.3642421e-07,5.54346014086e-11,40.0,close,18000,-1,-1,586554.3021580523,2095.8638396586957
2017-05-18_frequency-03.csv,ID 8 WL=355nm,-7.05431556e-08,1.70667994063e-11,40.0,close,9250,-1,-1,352258.87566459767,1253.4196537764622
2017-05-18_frequency-04.csv,ID 8 WL=355nm,-3.19756149333e-07,1.65328068497e-10,40.0,close,42750,-1,-1,986830.5768651665,3540.2104724423607
2017-05-18_frequency-05.csv,ID 8 WL=355nm,-3.63496428667e-08,1.17164322406e-11,40.0,close,4750,-1,-1,197945.70958439968,705.5978550608048
2017-05-18_frequency-06.csv,ID 8 WL=355nm,-4.96997064667e-08,6.97449899148e-12,40.0,close,6500,-1,-1,261440.2335236931,928.8377036305993
2017-05-18_frequency-07.csv,ID 8 WL=355nm,-1.34801606e-08,2.38001763363e-11,40.0,close,1750,-1,-1,78122.73028889799,309.7419940458787
2017-05-18_frequency-08.csv,ID 8 WL=355nm,-8.1960287e-08,2.46519756544e-11,40.0,close,10750,-1,-1,398250.03030016605,1418.8530416839292
2017-05-18_frequency-09.csv,ID 8 WL=355nm,-3.44700264e-08,4.04405411767e-12,40.0,close,4500,-1,-1,188658.94828536207,670.1049043184187
2017-05-18_frequency-10.csv,ID 8 WL=355nm,-1.44069114667e-07,5.15338055865e-11,40.0,close,19000,-1,-1,609738.2597822227,2175.531302879621
2017-05-18_frequency-100.csv,ID 8 WL=355nm,-1.53275987333e-07,6.19408581328e-11,40.0,close,20250,-1,-1,636268.4011129449,2273.340565203008
2017-05-18_frequency-101.csv,ID 8 WL=355nm,-2.95804844667e-07,1.32033160752e-10,40.0,close,39500,-1,-1,948042.6153836471,3392.049623791982
2017-05-18_frequency-102.csv,ID 8 WL=355nm,-6.85931851333e-08,2.63197691413e-11,40.0,close,9000,-1,-1,344108.7083720197,1228.7009426286895
2017-05-18_frequency-103.csv,ID 8 WL=355nm,-2.70141060667e-07,1.26686890612e-10,40.0,close,36000,-1,-1,903222.5011780758,3234.2969913035413
2017-05-18_frequency-104.csv,ID 8 WL=355nm,-2.66460256e-07,1.18065863246e-10,40.0,close,35500,-1,-1,896452.3467496136,3207.0986713099433
2017-05-18_frequency-105.csv,ID 8 WL=355nm,-3.39600502667e-07,1.53032237539e-10,40.0,close,45500,-1,-1,1016210.9542316139,3636.496701762022
2017-05-18_frequency-106.csv,ID 8 WL=355nm,-2.36818450667e-07,1.00103249196e-10,40.0,close,31500,-1,-1,838411.639352773,2997.386174914693
2017-05-18_frequency-107.csv,ID 8 WL=355nm,-1.96163843333e-07,7.37951908249e-11,40.0,close,26000,-1,-1,748313.1518722174,2671.3857343847317
2017-05-18_frequency-108.csv,ID 8 WL=355nm,-2.07357419333e-07,8.62886216498e-11,40.0,close,27500,-1,-1,774637.8382084371,2768.793184795909
2017-05-18_frequency-109.csv,ID 8 WL=355nm,-3.52331444e-07,1.71952190441e-10,40.0,close,47250,-1,-1,1034296.6210398156,3706.28818706337
2017-05-18_frequency-11.csv,ID 8 WL=355nm,-3.8759132e-09,3.96277947298e-11,40.0,close,500,-1,-1,23080.11491777821,249.7936997925427
2017-05-18_frequency-110.csv,ID 8 WL=355nm,-2.49605181333e-07,1.07428231166e-10,40.0,close,33250,-1,-1,863906.6155953207,3089.325445322699
2017-05-18_frequency-111.csv,ID 8 WL=355nm,-1.53683582e-08,1.50598139019e-11,40.0,close,2000,-1,-1,88591.36207144923,326.2610693332023
2017-05-18_frequency-112.csv,ID 8 WL=355nm,-2.11179182667e-08,1.519478269e-11,40.0,close,2750,-1,-1,119821.02533637792,434.0136906247086
2017-05-18_frequency-113.csv,ID 8 WL=355nm,-1.58993529333e-07,6.40574300105e-11,40.0,close,21000,-1,-1,652497.5691734954,2331.2363006042756
2017-05-18_frequency-114.csv,ID 8 WL=355nm,-2.18524398e-07,9.4835393161e-11,40.0,close,29000,-1,-1,799797.3198684896,2860.4177634638977
2017-05-18_frequency-115.csv,ID 8 WL=355nm,-2.09180562e-07,9.00016123337e-11,40.0,close,27750,-1,-1,778761.6312180532,2784.8348196654333
2017-05-18_frequency-116.csv,ID 8 WL=355nm,-1.17620879333e-07,3.49968575669e-11,40.0,close,15500,-1,-1,526622.0619404804,1876.0632679160358
2017-05-18_frequency-117.csv,ID 8 WL=355nm,-7.61946560667e-08,2.21694042589e-11,40.0,close,10000,-1,-1,375287.21511399234,1336.7368294942353
2017-05-18_frequency-118.csv,ID 8 WL=355nm,-3.34167643333e-07,1.76909627557e-10,40.0,close,44750,-1,-1,1008314.1214603465,3619.098883103637
2017-05-18_frequency-119.csv,ID 8 WL=355nm,-9.50483234667e-08,3.29875486002e-11,40.0,close,12500,-1,-1,447778.5486031791,1597.192327092188
2017-05-18_frequency-12.csv,ID 8 WL=355nm,-1.55314056667e-07,6.46781245004e-11,40.0,close,20500,-1,-1,642266.2216828308,2295.678854813631
2017-05-18_frequency-120.csv,ID 8 WL=355nm,-1.40209839333e-07,4.75512213606e-11,40.0,close,18500,-1,-1,598080.5477804996,2132.852687405541
2017-05-18_frequency-121.csv,ID 8 WL=355nm,-2.53303568e-07,1.08820765371e-10,40.0,close,33750,-1,-1,871137.5349386941,3115.1007862543433
2017-05-18_frequency-122.csv,ID 8 WL=355nm,-1.68230193333e-07,6.83183017614e-11,40.0,close,22250,-1,-1,677562.8668131828,2421.0353110903156
2017-05-18_frequency-123.csv,ID 8 WL=355nm,-2.03652093333e-07,8.22566023017e-11,40.0,close,27000,-1,-1,766082.1922786528,2737.1379418496413
2017-05-18_frequency-124.csv,ID 8 WL=355nm,-3.55852064667e-07,1.70489939151e-10,40.0,close,47750,-1,-1,1038997.5407502719,3721.880057861676
2017-05-18_frequency-125.csv,ID 8 WL=355nm,-1.41999962667e-07,5.73260877747e-11,40.0,close,18750,-1,-1,603339.4996147837,2155.660154189748
2017-05-18_frequency-126.csv,ID 8 WL=355nm,-1.04517449333e-07,3.1656564873e-11,40.0,close,13750,-1,-1,481903.9084170184,1716.9742002758803
2017-05-18_frequency-127.csv,ID 8 WL=355nm,-3.68575376667e-07,2.03311002954e-10,40.0,close,49500,-1,-1,1056208.358252765,3794.53447752402
2017-05-18_frequency-128.csv,ID 8 WL=355nm,-1.88683004667e-07,8.29219917245e-11,40.0,close,25000,-1,-1,730064.7783208466,2611.514343651034
2017-05-18_frequency-129.csv,ID 8 WL=355nm,-2.51492262e-07,1.00605818699e-10,40.0,close,33500,-1,-1,867664.3097074705,3099.7030716983845
2017-05-18_frequency-13.csv,ID 8 WL=355nm,-2.72098258e-07,1.26560184508e-10,40.0,close,36250,-1,-1,906965.6188155662,3247.246347450351
2017-05-18_frequency-130.csv,ID 8 WL=355nm,-5.72414223333e-08,2.28759850911e-11,40.0,close,7500,-1,-1,295372.3190127312,1055.1951289638575
2017-05-18_frequency-131.csv,ID 8 WL=355nm,-1.08307452667e-07,3.16423106966e-11,40.0,close,14250,-1,-1,495161.3381553572,1763.76532446216
2017-05-18_frequency-132.csv,ID 8 WL=355nm,-1.75803664667e-07,7.19651870807e-11,40.0,close,23250,-1,-1,697684.3791732067,2493.1912333587757
2017-05-18_frequency-133.csv,ID 8 WL=355nm,-1.19533926e-07,4.1299731121e-11,40.0,close,15750,-1,-1,532983.2846955823,1901.0307634843107
2017-05-18_frequency-134.csv,ID 8 WL=355nm,-2.77465412e-07,1.2597885956e-10,40.0,close,37000,-1,-1,916391.9341436562,3279.6907231629566
2017-05-18_frequency-135.csv,ID 8 WL=355nm,-2.81027396667e-07,1.24924948358e-10,40.0,close,37500,-1,-1,922527.9671901037,3300.5501128597593
2017-05-18_frequency-136.csv,ID 8 WL=355nm,-8.94217644667e-08,3.19619388552e-11,40.0,close,11750,-1,-1,426843.310319711,1522.9548918078387
2017-05-18_frequency-137.csv,ID 8 WL=355nm,-4.77749758e-08,6.6409409243e-12,40.0,close,6250,-1,-1,252542.3775629493,897.2124578930885
2017-05-18_frequency-138.csv,ID 8 WL=355nm,-3.08607652e-07,1.55782143915e-10,40.0,close,41250,-1,-1,968996.5555527285,3474.5402372946905
2017-05-18_frequency-139.csv,ID 8 WL=355nm,-2.64510466e-07,1.18821354888e-10,40.0,close,35250,-1,-1,892666.4556966968,3194.2359622897084
2017-05-18_frequency-14.csv,ID 8 WL=355nm,-2.99501232e-07,1.3372773301e-10,40.0,close,40000,-1,-1,954240.0244384665,3414.241409469056
2017-05-18_frequency-140.csv,ID 8 WL=355nm,-3.72050235333e-07,1.79143848024e-10,40.0,close,50000,-1,-1,1060552.0619205518,3799.433726369028
2017-05-18_frequency-141.csv,ID 8 WL=355nm,-2.86455334667e-07,1.28720904278e-10,40.0,close,38250,-1,-1,931870.1312668683,3334.5358174269195
2017-05-18_frequency-142.csv,ID 8 WL=355nm,-3.25365544e-08,1.37552244853e-11,40.0,close,4250,-1,-1,178981.56400343674,639.8741820611483
2017-05-18_frequency-143.csv,ID 8 WL=355nm,-1.15831418667e-07,3.85855385461e-11,40.0,close,15250,-1,-1,520763.6372399233,1856.8322170381646
2017-05-18_frequency-144.csv,ID 8 WL=355nm,-3.360242e-07,1.67074359094e-10,40.0,close,45000,-1,-1,1011098.2513373632,3624.433554102614
2017-05-18_frequency-145.csv,ID 8 WL=355nm,-2.30132569333e-08,1.72311700878e-11,40.0,close,3000,-1,-1,129894.28489920587,471.2697514750082
2017-05-18_frequency-146.csv,ID 8 WL=355nm,-2.27735102667e-07,9.81549991572e-11,40.0,close,30250,-1,-1,819654.5745475725,2931.1408489428936
2017-05-18_frequency-147.csv,ID 8 WL=355nm,-2.90172908e-07,1.22674000245e-10,40.0,close,38750,-1,-1,938325.2001972586,3354.591655726892
2017-05-18_frequency-148.csv,ID 8 WL=355nm,-7.80456686667e-08,2.73120729511e-11,40.0,close,10250,-1,-1,382663.35907506355,1365.0393671561073
2017-05-18_frequency-149.csv,ID 8 WL=355nm,-1.28990902667e-07,4.05206678896e-11,40.0,close,17000,-1,-1,563546.3825410596,2008.4069919822277
2017-05-18_frequency-15.csv,ID 8 WL=355nm,-3.17740838e-07,1.46310883929e-10,40.0,close,42500,-1,-1,983414.0984195293,3520.366284256481
2017-05-18_frequency-150.csv,ID 8 WL=355nm,-5.53749973333e-08,4.66255047039e-12,40.0,close,7250,-1,-1,287109.69946219155,1019.526080555909
2017-05-18_frequency-151.csv,ID 8 WL=355nm,-1.0078534e-07,2.77790376603e-11,40.0,close,13250,-1,-1,468687.93729337817,1668.849574891833
2017-05-18_frequency-152.csv,ID 8 WL=355nm,-6.1024219e-08,1.38476332394e-11,40.0,close,8000,-1,-1,311918.811112721,1109.571667461966
2017-05-18_frequency-153.csv,ID 8 WL=355nm,-5.34791207333e-08,1.05038096008e-11,40.0,close,7000,-1,-1,278614.1274744719,990.5928009037598
2017-05-18_frequency-154.csv,ID 8 WL=355nm,-2.47892207333e-07,1.11948013588e-10,40.0,close,33000,-1,-1,860729.3517458892,3080.213779993492
2017-05-18_frequency-155.csv,ID 8 WL=355nm,-6.48312185333e-08,1.95052035583e-11,40.0,close,8500,-1,-1,328278.31896616024,1169.5657464579301
2017-05-18_frequency-156.csv,ID 8 WL=355nm,-1.90627522667e-07,7.79141451827e-11,40.0,close,25250,-1,-1,734962.1030596391,2626.3514420689053
2017-05-18_frequency-157.csv,ID 8 WL=355nm,-7.23946594e-08,2.2185264606e-11,40.0,close,9500,-1,-1,359844.77147797693,1282.1997327704082
2017-05-18_frequency-158.csv,ID 8 WL=355nm,-2.00003916667e-07,7.84089080115e-11,40.0,close,26500,-1,-1,757623.2965975206,2705.9131900001844
2017-05-18_frequency-159.csv,ID 8 WL=355nm,-2.68203696e-07,1.23684729793e-10,40.0,close,35750,-1,-1,899522.709931321,3220.13655073374
2017-05-18_frequency-16.csv,ID 8 WL=355nm,-2.16665544e-07,9.41657796867e-11,40.0,close,28750,-1,-1,795683.6677760453,2845.76671817807
2017-05-18_frequency-160.csv,ID 8 WL=355nm,-2.49158585333e-08,1.08738899747e-11,40.0,close,3250,-1,-1,139903.84381413445,500.3976653213717
2017-05-18_frequency-161.csv,ID 8 WL=355nm,-2.31440532667e-07,1.06649318483e-10,40.0,close,30750,-1,-1,827489.4820188126,2962.232360828721
2017-05-18_frequency-162.csv,ID 8 WL=355nm,-2.62733822667e-07,1.18242447622e-10,40.0,close,35000,-1,-1,889443.049825742,3182.7948567153308
2017-05-18_frequency-163.csv,ID 8 WL=355nm,-3.10290347333e-07,1.41594090129e-10,40.0,close,41500,-1,-1,971462.7607697687,3477.0679759113314
2017-05-18_frequency-164.csv,ID 8 WL=355nm,-1.71986774667e-07,6.4697793045e-11,40.0,close,22750,-1,-1,687577.3683721666,2454.5655504397387
2017-05-18_frequency-165.csv,ID 8 WL=355nm,-3.63145016667e-07,1.8538438065e-10,40.0,close,48750,-1,-1,1048975.9675105652,3762.1705531096104
2017-05-18_frequency-166.csv,ID 8 WL=355nm,-2.0166031e-07,8.89110849857e-11,40.0,close,26750,-1,-1,761234.4693126043,2723.144211531633
2017-05-18_frequency-167.csv,ID 8 WL=355nm,-2.05488707333e-07,7.9942221716e-11,40.0,close,27250,-1,-1,770314.663694988,2750.98854801459
2017-05-18_frequency-168.csv,ID 8 WL=355nm,-3.59522145333e-07,1.80467853679e-10,40.0,close,48250,-1,-1,1044082.0686112198,3743.3610787176076
2017-05-18_frequency-169.csv,ID 8 WL=355nm,-3.21207088667e-07,1.39801894378e-10,40.0,close,43000,-1,-1,988490.8210198337,3535.4176898167843
2017-05-18_frequency-17.csv,ID 8 WL=355nm,-3.66773346e-07,1.79159503471e-10,40.0,close,49250,-1,-1,1053833.5994709209,3776.3590766724556
2017-05-18_frequency-170.csv,ID 8 WL=355nm,-1.62595866667e-07,7.02724874249e-11,40.0,close,21500,-1,-1,662260.7829534287,2368.3846705212695
2017-05-18_frequency-171.csv,ID 8 WL=355nm,-2.88333376e-07,1.30578402849e-10,40.0,close,38500,-1,-1,935169.7840291873,3346.757469616056
2017-05-18_frequency-172.csv,ID 8 WL=355nm,-2.57159521333e-07,1.11003453151e-10,40.0,close,34250,-1,-1,878815.6286905569,3142.7734058388055
2017-05-18_frequency-173.csv,ID 8 WL=355nm,-4.58537976667e-08,9.86639896596e-12,40.0,close,6000,-1,-1,243576.08270896078,866.2819758362199
2017-05-18_frequency-174.csv,ID 8 WL=355nm,-3.23211786e-07,1.72226297268e-10,40.0,close,43250,-1,-1,991840.9727750802,3560.4795904015577
2017-05-18_frequency-175.csv,ID 8 WL=355nm,-3.15684003333e-07,1.45133498277e-10,40.0,close,42250,-1,-1,979849.1473610624,3507.512821517775
2017-05-18_frequency-176.csv,ID 8 WL=355nm,-2.45868256e-07,1.05191070267e-10,40.0,close,32750,-1,-1,856448.3966899416,3062.392039185501
2017-05-18_frequency-177.csv,ID 8 WL=355nm,-3.04755315333e-07,1.44780241164e-10,40.0,close,40750,-1,-1,962483.1014872299,3447.274268053147
2017-05-18_frequency-178.csv,ID 8 WL=355nm,-2.75479902e-07,1.21087651157e-10,40.0,close,36750,-1,-1,912618.2229972342,3264.534460193825
2017-05-18_frequency-179.csv,ID 8 WL=355nm,-2.87237772667e-08,1.0361863468e-11,40.0,close,3750,-1,-1,159629.78536969854,569.6040478177057
2017-05-18_frequency-18.csv,ID 8 WL=355nm,-8.37477241333e-08,3.40358342572e-11,40.0,close,11000,-1,-1,405117.1772074687,1447.5596006358965
2017-05-18_frequency-180.csv,ID 8 WL=355nm,-2.59128088e-07,1.31308618108e-10,40.0,close,34500,-1,-1,882756.7134886209,3165.551026539881
2017-05-18_frequency-181.csv,ID 8 WL=355nm,-1.45732296667e-07,5.38248411258e-11,40.0,close,19250,-1,-1,614375.7083249291,2192.806004282712
2017-05-18_frequency-182.csv,ID 8 WL=355nm,-1.49545552667e-07,4.89484268684e-11,40.0,close,19750,-1,-1,625579.8699332697,2230.228189566102
2017-05-18_frequency-183.csv,ID 8 WL=355nm,-3.24891332667e-07,1.56992515956e-10,40.0,close,43500,-1,-1,994177.2168200541,3561.8744965662945
2017-05-18_frequency-184.csv,ID 8 WL=355nm,-1.84932768667e-07,8.03575602224e-11,40.0,close,24500,-1,-1,720705.2838442329,2577.5982235641786
2017-05-18_frequency-185.csv,ID 8 WL=355nm,-1.7384825e-07,6.96028895473e-11,40.0,close,23000,-1,-1,692462.3781100268,2473.8253836754166
2017-05-18_frequency-186.csv,ID 8 WL=355nm,-1.79444593333e-07,6.83370018527e-11,40.0,close,23750,-1,-1,706951.0555725002,2524.075435010974
2017-05-18_frequency-187.csv,ID 8 WL=355nm,-2.84700043333e-07,1.24631619539e-10,40.0,close,38000,-1,-1,928951.1128360044,3322.755404652526
2017-05-18_frequency-188.csv,ID 8 WL=355nm,-1.81291601333e-07,6.79604630028e-11,40.0,close,24000,-1,-1,711638.1928698127,2540.3615810300616
2017-05-18_frequency-189.csv,ID 8 WL=355nm,-3.03011365333e-07,1.36014220328e-10,40.0,close,40500,-1,-1,959774.9602378865,3434.3302661553594
2017-05-18_frequency-19.csv,ID 8 WL=355nm,-3.47041773333e-07,1.82048484262e-10,40.0,close,46500,-1,-1,1027122.9979418521,3685.8800795995244
2017-05-18_frequency-190.csv,ID 8 WL=355nm,-4.20425452e-08,1.4316704822e-11,40.0,close,5500,-1,-1,225543.79389003853,804.3557030323806
2017-05-18_frequency-191.csv,ID 8 WL=355nm,-1.64525402667e-07,6.86078226314e-11,40.0,close,21750,-1,-1,667608.39055347,2386.3047859382873
2017-05-18_frequency-192.csv,ID 8 WL=355nm,-2.33133558667e-07,9.4932615531e-11,40.0,close,31000,-1,-1,830799.1832824879,2968.676255368379
2017-05-18_frequency-193.csv,ID 8 WL=355nm,-9.88223534667e-08,2.91534075078e-11,40.0,close,13000,-1,-1,461541.7257210069,1644.120844695756
2017-05-18_frequency-194.csv,ID 8 WL=355nm,-1.06410469333e-07,3.34049276738e-11,40.0,close,14000,-1,-1,488551.6340181463,1741.1262630599824
2017-05-18_frequency-195.csv,ID 8 WL=355nm,-3.06238583333e-08,1.16705714465e-11,40.0,close,4000,-1,-1,169320.21195511453,604.5403286309831
2017-05-18_frequency-196.csv,ID 8 WL=355nm,-2.55467610667e-07,1.22909968756e-10,40.0,close,34000,-1,-1,875798.0226610495,3137.5058241174434
2017-05-18_frequency-197.csv,ID 8 WL=355nm,-2.79140898667e-07,1.2481039112e-10,40.0,close,37250,-1,-1,919121.8845041902,3288.661158077326
2017-05-18_frequency-198.csv,ID 8 WL=355nm,-1.12009226e-07,3.93295570447e-11,40.0,close,14750,-1,-1,507796.72798239643,1811.474759892019
2017-05-18_frequency-20.csv,ID 8 WL=355nm,-1.3829725e-07,5.479829164e-11,40.0,close,18250,-1,-1,592255.535475459,2115.5631884556988
2017-05-18_frequency-21.csv,ID 8 WL=355nm,-2.83076758667e-07,1.28293131116e-10,40.0,close,37750,-1,-1,926446.4754421778,3315.57824195881
2017-05-18_frequency-22.csv,ID 8 WL=355nm,-3.45001187333e-07,1.48872008695e-10,40.0,close,46250,-1,-1,1023882.4259145507,3661.5361544330704
2017-05-18_frequency-23.csv,ID 8 WL=355nm,-9.63769254667e-09,8.66600661403e-12,40.0,close,1250,-1,-1,56458.55548643485,206.7572282704426
2017-05-18_frequency-24.csv,ID 8 WL=355nm,-3.12457328667e-07,1.73165864356e-10,40.0,close,41750,-1,-1,975426.584103933,3504.70714389138
2017-05-18_frequency-25.csv,ID 8 WL=355nm,-5.91222457333e-08,1.65351781906e-11,40.0,close,7750,-1,-1,303630.4988015036,1081.2281490322332
2017-05-18_frequency-26.csv,ID 8 WL=355nm,-1.94469227333e-07,7.88082346769e-11,40.0,close,25750,-1,-1,744471.6621091734,2660.038588481069
2017-05-18_frequency-27.csv,ID 8 WL=355nm,-1.21414284667e-07,4.2232746752e-11,40.0,close,16000,-1,-1,539147.1752841844,1923.1382521184273
2017-05-18_frequency-28.csv,ID 8 WL=355nm,-3.30617482e-07,1.67315950652e-10,40.0,close,44250,-1,-1,1003193.4919669755,3597.341631150162
2017-05-18_frequency-29.csv,ID 8 WL=355nm,-3.61335426667e-07,1.70492472431e-10,40.0,close,48500,-1,-1,1046540.9094508947,3747.8926812427953
2017-05-18_frequency-30.csv,ID 8 WL=355nm,-2.14732486e-07,9.71887613736e-11,40.0,close,28500,-1,-1,791268.580105114,2831.7412356394593
2017-05-18_frequency-31.csv,ID 8 WL=355nm,-1.98126355333e-07,7.59045519379e-11,40.0,close,26250,-1,-1,753146.0312882763,2689.1927448501283
2017-05-18_frequency-32.csv,ID 8 WL=355nm,-2.40555119333e-07,9.70821952071e-11,40.0,close,32000,-1,-1,846107.2898962622,3023.028190238917
2017-05-18_frequency-33.csv,ID 8 WL=355nm,-2.11097662e-07,8.8542680232e-11,40.0,close,28000,-1,-1,783205.7584407339,2799.7200743481367
2017-05-18_frequency-34.csv,ID 8 WL=355nm,-2.20368738667e-07,9.16171576265e-11,40.0,close,29250,-1,-1,803830.3142911226,2873.0995728615603
2017-05-18_frequency-35.csv,ID 8 WL=355nm,-3.01275722667e-07,1.2910826214e-10,40.0,close,40250,-1,-1,957077.3174871609,3422.290259670147
2017-05-18_frequency-36.csv,ID 8 WL=355nm,-1.34601283333e-07,5.2542285722e-11,40.0,close,17750,-1,-1,581023.9291861589,2075.067158674942
2017-05-18_frequency-37.csv,ID 8 WL=355nm,-1.9203481e-08,9.93617288832e-12,40.0,close,2500,-1,-1,109532.69762975725,392.9495028208338
2017-05-18_frequency-38.csv,ID 8 WL=355nm,-2.29700237333e-07,1.05356010774e-10,40.0,close,30500,-1,-1,823988.2831699487,2949.4724515080475
2017-05-18_frequency-39.csv,ID 8 WL=355nm,-5.15763323333e-08,1.12325695734e-11,40.0,close,6750,-1,-1,270000.21905498905,960.3027787030676
2017-05-18_frequency-40.csv,ID 8 WL=355nm,-5.80539405333e-09,3.39873454932e-11,40.0,close,750,-1,-1,34380.612125284955,235.3929730905992
2017-05-18_frequency-41.csv,ID 8 WL=355nm,-2.61047674667e-07,1.31951249678e-10,40.0,close,34750,-1,-1,886506.7415207837,3178.8403575995508
2017-05-18_frequency-42.csv,ID 8 WL=355nm,-1.47693277333e-07,5.40866541107e-11,40.0,close,19500,-1,-1,620227.7678854791,2213.492825800448
2017-05-18_frequency-43.csv,ID 8 WL=355nm,-1.92550204e-07,7.66165046449e-11,40.0,close,25500,-1,-1,739740.7808115074,2642.5242564980663
2017-05-18_frequency-44.csv,ID 8 WL=355nm,-2.97576632e-07,1.31047004453e-10,40.0,close,39750,-1,-1,950906.3089454824,3401.592058994781
2017-05-18_frequency-45.csv,ID 8 WL=355nm,-1.72829154e-08,5.18387340766e-12,40.0,close,2250,-1,-1,99100.25630802946,353.05939214678085
2017-05-18_frequency-46.csv,ID 8 WL=355nm,-1.8332964e-07,7.01903497641e-11,40.0,close,24250,-1,-1,717038.6251473093,2560.248135288923
2017-05-18_frequency-47.csv,ID 8 WL=355nm,-2.44244278e-07,1.04063348572e-10,40.0,close,32500,-1,-1,853537.5559828363,3051.8031300869848
2017-05-18_frequency-48.csv,ID 8 WL=355nm,-3.82557379333e-08,1.14999852926e-11,40.0,close,5000,-1,-1,207282.99093930778,738.4880994250555
2017-05-18_frequency-49.csv,ID 8 WL=355nm,-2.26017745333e-07,1.01121988105e-10,40.0,close,30000,-1,-1,816186.7215119166,2920.383300768076
2017-05-18_frequency-50.csv,ID 8 WL=355nm,-1.86957952e-07,7.48640374011e-11,40.0,close,24750,-1,-1,725984.5402796903,2593.588907218461
2017-05-18_frequency-51.csv,ID 8 WL=355nm,-3.37868922667e-07,1.58670103106e-10,40.0,close,45250,-1,-1,1013831.4391995727,3630.457087833319
2017-05-18_frequency-52.csv,ID 8 WL=355nm,-2.68323949333e-08,9.10729991063e-12,40.0,close,3500,-1,-1,149887.95764042542,534.5287462173035
2017-05-18_frequency-53.csv,ID 8 WL=355nm,-1.27064656667e-07,4.38087790542e-11,40.0,close,16750,-1,-1,557379.9486757839,1988.0087231391312
2017-05-18_frequency-54.csv,ID 8 WL=355nm,-1.30901514e-07,4.05692905698e-11,40.0,close,17250,-1,-1,569595.2198722904,2029.7541281029762
2017-05-18_frequency-55.csv,ID 8 WL=355nm,-2.1301925e-07,9.20952924964e-11,40.0,close,28250,-1,-1,787636.1262242832,2816.7669500387738
2017-05-18_frequency-56.csv,ID 8 WL=355nm,-3.32342705333e-07,1.5666067483e-10,40.0,close,44500,-1,-1,1005610.102534194,3601.2499603548167
2017-05-18_frequency-57.csv,ID 8 WL=355nm,-1.02631549333e-07,3.48486073307e-11,40.0,close,13500,-1,-1,475232.29037311417,1694.7742062138157
2017-05-18_frequency-58.csv,ID 8 WL=355nm,-3.28767646e-07,1.6507827381e-10,40.0,close,44000,-1,-1,1000384.1229626915,3586.710770317302
2017-05-18_frequency-59.csv,ID 8 WL=355nm,-1.51412238e-07,6.37213513876e-11,40.0,close,20000,-1,-1,630950.8217731201,2255.559794393681
2017-05-18_frequency-60.csv,ID 8 WL=355nm,-3.54166065333e-07,1.89198049668e-10,40.0,close,47500,-1,-1,1036870.9924521263,3722.334701717623
2017-05-18_frequency-61.csv,ID 8 WL=355nm,-1.60755116667e-07,6.78624357719e-11,40.0,close,21250,-1,-1,657235.7841479034,2349.6256362646645
2017-05-18_frequency-62.csv,ID 8 WL=355nm,-3.41484026667e-07,1.5864587763e-10,40.0,close,45750,-1,-1,1019030.772339385,3648.4051900532145
2017-05-18_frequency-63.csv,ID 8 WL=355nm,-1.70123554667e-07,7.49364073391e-11,40.0,close,22500,-1,-1,682649.1487567171,2441.9882575278625
2017-05-18_frequency-64.csv,ID 8 WL=355nm,-9.13443742667e-08,2.59256473618e-11,40.0,close,12000,-1,-1,434106.77708199306,1545.9965259070132
2017-05-18_frequency-65.csv,ID 8 WL=355nm,-1.13966433333e-07,3.98585660666e-11,40.0,close,15000,-1,-1,514515.39078289195,1835.3722268351619
2017-05-18_frequency-66.csv,ID 8 WL=355nm,-1.66463298e-07,5.9670125937e-11,40.0,close,22000,-1,-1,672949.8578383756,2401.1198193789864
2017-05-18_frequency-67.csv,ID 8 WL=355nm,-2.35088165333e-07,9.89155707235e-11,40.0,close,31250,-1,-1,835016.2846683841,2985.056330772532
2017-05-18_frequency-68.csv,ID 8 WL=355nm,-1.10170932667e-07,3.88042068109e-11,40.0,close,14500,-1,-1,501562.93012429203,1789.2907036005943
2017-05-18_frequency-69.csv,ID 8 WL=355nm,-3.06780682e-07,1.49352068201e-10,40.0,close,41000,-1,-1,966061.6792103502,3461.6175046005283
2017-05-18_frequency-70.csv,ID 8 WL=355nm,-2.92024263333e-07,1.26733068779e-10,40.0,close,39000,-1,-1,941499.943159513,3367.207091414242
2017-05-18_frequency-71.csv,ID 8 WL=355nm,-8.7534269e-08,2.86986306003e-11,40.0,close,11500,-1,-1,419683.87046224024,1496.2179985539342
2017-05-18_frequency-72.csv,ID 8 WL=355nm,-1.25129016e-07,4.4892844389e-11,40.0,close,16500,-1,-1,551121.9667766977,1966.449027182705
2017-05-18_frequency-73.csv,ID 8 WL=355nm,-6.67453198667e-08,1.04588584455e-11,40.0,close,8750,-1,-1,336397.2743253713,1195.3731362856556
2017-05-18_frequency-74.csv,ID 8 WL=355nm,-2.2227917e-07,1.04094202688e-10,40.0,close,29500,-1,-1,808076.492311317,2893.524185620625
2017-05-18_frequency-75.csv,ID 8 WL=355nm,-4.01591646667e-08,1.14316976673e-11,40.0,close,5250,-1,-1,216512.89576527098,771.0878479249942
2017-05-18_frequency-76.csv,ID 8 WL=355nm,-1.1561233e-08,2.14418071611e-11,40.0,close,1500,-1,-1,67362.3742239206,269.80419299063817
2017-05-18_frequency-77.csv,ID 8 WL=355nm,-3.14215268667e-07,1.78016877528e-10,40.0,close,42000,-1,-1,978094.3447482032,3516.1740053546223
2017-05-18_frequency-78.csv,ID 8 WL=355nm,-7.42776394667e-08,2.6014752604e-11,40.0,close,9750,-1,-1,367517.07428067643,1311.0197794909511
2017-05-18_frequency-79.csv,ID 8 WL=355nm,-3.43330449333e-07,1.76863949123e-10,40.0,close,46000,-1,-1,1021724.678686164,3665.1118954704657
2017-05-18_frequency-80.csv,ID 8 WL=355nm,-9.31720857333e-08,3.43499739029e-11,40.0,close,12250,-1,-1,440857.73241153476,1573.461905558397
2017-05-18_frequency-81.csv,ID 8 WL=355nm,-1.23303491333e-07,4.12143792653e-11,40.0,close,16250,-1,-1,545299.8414118207,1944.37622472764
2017-05-18_frequency-82.csv,ID 8 WL=355nm,-3.48790240667e-07,1.77860237301e-10,40.0,close,46750,-1,-1,1029483.6888367007,3692.1788253678537
2017-05-18_frequency-83.csv,ID 8 WL=355nm,-1.77594448667e-07,7.32875912522e-11,40.0,close,23500,-1,-1,702217.280837764,2509.6576683189273
2017-05-18_frequency-84.csv,ID 8 WL=355nm,-6.28944884667e-08,1.69282776339e-11,40.0,close,8250,-1,-1,319967.9446863136,1139.146264527348
2017-05-18_frequency-85.csv,ID 8 WL=355nm,-2.42473606e-07,1.05464693764e-10,40.0,close,32250,-1,-1,850093.56629995,3040.3991100094318
2017-05-18_frequency-86.csv,ID 8 WL=355nm,-2.24031763333e-07,9.73109917852e-11,40.0,close,29750,-1,-1,811722.3648722767,2903.1044426314975
2017-05-18_frequency-87.csv,ID 8 WL=355nm,-2.73739958667e-07,1.20181797394e-10,40.0,close,36500,-1,-1,909637.3651806844,3253.8140433493886
2017-05-18_frequency-88.csv,ID 8 WL=355nm,-1.57025234667e-07,5.93004170718e-11,40.0,close,20750,-1,-1,646871.7586083473,2309.351995563488
2017-05-18_frequency-89.csv,ID 8 WL=355nm,-3.70344539333e-07,1.8888006632e-10,40.0,close,49750,-1,-1,1058476.63986006,3796.1718305801965
2017-05-18_frequency-90.csv,ID 8 WL=355nm,-2.3861309e-07,1.09240779168e-10,40.0,close,31750,-1,-1,842011.9524352411,3013.8964890390357
2017-05-18_frequency-91.csv,ID 8 WL=355nm,-8.56600884e-08,2.85147834893e-11,40.0,close,11250,-1,-1,412524.86299521563,1470.8875274664156
2017-05-18_frequency-92.csv,ID 8 WL=355nm,-3.57841216667e-07,1.92695419567e-10,40.0,close,48000,-1,-1,1041995.3987049252,3741.398493613746
2017-05-18_frequency-93.csv,ID 8 WL=355nm,-4.39496322e-08,1.44646649861e-11,40.0,close,5750,-1,-1,234612.18962616334,836.4449181923367
2017-05-18_frequency-94.csv,ID 8 WL=355nm,-7.71983651333e-09,1.28088090296e-11,40.0,close,1000,-1,-1,45469.58334932186,178.1773580636243
2017-05-18_frequency-95.csv,ID 8 WL=355nm,-9.70221678667e-08,2.69860509544e-11,40.0,close,12750,-1,-1,455097.2370530542,1620.5464727869976
2017-05-18_frequency-96.csv,ID 8 WL=355nm,-3.64968139333e-07,1.99977911746e-10,40.0,close,49000,-1,-1,1051437.0532739367,3776.800832987372
2017-05-18_frequency-97.csv,ID 8 WL=355nm,-1.32671433333e-07,5.49574328205e-11,40.0,close,17500,-1,-1,574985.8857628636,2055.049137909567
2017-05-18_frequency-98.csv,ID 8 WL=355nm,-7.99925514e-08,1.97602106274e-11,40.0,close,10500,-1,-1,390440.93688282545,1389.4169575144858
2017-05-18_frequency-99.csv,ID 8 WL=355nm,-2.940093e-07,1.40767097955e-10,40.0,close,39250,-1,-1,945085.5502765952,3385.4297589558355
